Device,Scheduler,Workload,Runs,IOPS_median,Throughput_MBs_median,Mean_Latency_ms_median,p99_Latency_ms_median
HDD,mq-deadline,randread,3,9113.5,35.6,3.505,0.0
HDD,mq-deadline,randrw,3,8903.07,34.78,3.502,0.0
HDD,mq-deadline,randwrite,3,9016.27,35.22,3.543,0.0
HDD,mq-deadline,read,3,8909.0,34.8,3.583,0.0
HDD,none,randread,3,9351.05,36.53,3.414,0.0
HDD,none,randrw,3,9093.8,35.52,3.436,0.0
HDD,none,randwrite,3,8501.07,33.21,3.759,0.0
HDD,none,read,3,8408.69,32.85,3.797,0.0
SSD,mq-deadline,randread,3,14564.98,56.89,2.191,0.0
SSD,mq-deadline,randrw,3,14377.99,56.16,2.185,0.0
SSD,mq-deadline,randwrite,3,12774.34,49.9,2.5,0.0
SSD,mq-deadline,read,3,14005.83,54.71,2.28,0.0
SSD,none,randread,3,15272.69,59.66,2.089,0.0
SSD,none,randrw,3,13761.11,53.75,2.282,0.0
SSD,none,randwrite,3,12578.41,49.13,2.539,0.0
SSD,none,read,3,12434.89,48.57,2.568,0.0
